{
  "name": "angular-flot",
  "main": "angular-flot.js",
  "version": "0.0.6",
  "authors": [
    "Lorenzo Villani <lvillani@develer.com>"
  ],
  "description": "An Angular directive to wrap Flotcharts.",
  "license": "MIT",
  "homepage": "http://github.com/develersrl/angular-flot",
  "_release": "0.0.6",
  "_resolution": {
    "type": "version",
    "tag": "v0.0.6",
    "commit": "20e242631d91973e9d03f7fad39c44b4ef22d37a"
  },
  "_source": "git://github.com/develersrl/angular-flot.git",
  "_target": "~0.0.6",
  "_originalSource": "angular-flot",
  "_direct": true
}