{
  "name": "angular-animate",
  "version": "1.2.27",
  "main": "./angular-animate.js",
  "ignore": [],
  "dependencies": {
    "angular": "1.2.27"
  },
  "homepage": "https://github.com/angular/bower-angular-animate",
  "_release": "1.2.27",
  "_resolution": {
    "type": "version",
    "tag": "v1.2.27",
    "commit": "b361666f249e94a9b6333e1a7d19e072cadcadf2"
  },
  "_source": "git://github.com/angular/bower-angular-animate.git",
  "_target": "~1.2.17",
  "_originalSource": "angular-animate"
}