{
  "name": "angular-route",
  "version": "1.2.27",
  "main": "./angular-route.js",
  "ignore": [],
  "dependencies": {
    "angular": "1.2.27"
  },
  "homepage": "https://github.com/angular/bower-angular-route",
  "_release": "1.2.27",
  "_resolution": {
    "type": "version",
    "tag": "v1.2.27",
    "commit": "f4a079d008fe72ba419da1003ed8bde73a85cd77"
  },
  "_source": "git://github.com/angular/bower-angular-route.git",
  "_target": "1.2",
  "_originalSource": "angular-route",
  "_direct": true
}