{
  "name": "angular-sanitize",
  "version": "1.2.27",
  "main": "./angular-sanitize.js",
  "ignore": [],
  "dependencies": {
    "angular": "1.2.27"
  },
  "homepage": "https://github.com/angular/bower-angular-sanitize",
  "_release": "1.2.27",
  "_resolution": {
    "type": "version",
    "tag": "v1.2.27",
    "commit": "602ada87f3e4a5ee4dce7f7dbef092a34964ee0a"
  },
  "_source": "git://github.com/angular/bower-angular-sanitize.git",
  "_target": "~1.2.15",
  "_originalSource": "angular-sanitize"
}