{
  "name": "ngToast",
  "version": "1.2.0",
  "main": [
    "dist/ngToast.js",
    "dist/ngToast.css"
  ],
  "dependencies": {
    "angular": "~1.2.15",
    "angular-animate": "~1.2.17",
    "angular-sanitize": "~1.2.15"
  },
  "ignore": [
    "**/.*",
    "node_modules",
    "test",
    "src",
    "Gruntfile.js",
    "package.json"
  ],
  "homepage": "https://github.com/tameraydin/ngToast",
  "_release": "1.2.0",
  "_resolution": {
    "type": "version",
    "tag": "1.2.0",
    "commit": "c22bf35044b45f590e5f9f8734cb2d03dadf222e"
  },
  "_source": "git://github.com/tameraydin/ngToast.git",
  "_target": "~1.2.0",
  "_originalSource": "ngtoast",
  "_direct": true
}